Id,Latitude,Longitude,GL_ID,Basin,Sub_Basin,Area,Elevation,Type,Country
144,28.40839749790,84.21732406030,GL084217E28408N,Gandaki,Seti,0.03194697901,4124,E(o),Nepal
158,28.42723594390,84.19941428290,GL084199E28427N,Gandaki,Seti,0.00549094366,4046,E(o),Nepal
168,28.43408725840,84.20580557380,GL084205E28434N,Gandaki,Seti,0.01255790730,4177,E(o),Nepal
178,28.44681019400,84.11693908980,GL084116E28446N,Gandaki,Seti,0.10248681707,2444,O,Nepal
180,28.45336499120,84.25419794350,GL084254E28453N,Gandaki,Marsyangdi,0.04630925611,4563,M(o),Nepal
181,28.45742421430,84.25227667000,GL084252E28457N,Gandaki,Marsyangdi,0.01286784054,4581,M(o),Nepal
182,28.45900899040,84.25945133980,GL084259E28459N,Gandaki,Marsyangdi,0.06160107831,4555,M(e),Nepal
184,28.46224966670,84.26150519970,GL084261E28462N,Gandaki,Marsyangdi,0.02234336777,4586,M(e),Nepal
185,28.46872034640,83.77264455920,GL083772E28468N,Gandaki,Kali Gandaki,0.01589979642,4382,E(c),Nepal
195,28.49679515800,84.25533712110,GL084255E28496N,Gandaki,Marsyangdi,0.11237986407,4993,E(c),Nepal
234,28.58329865470,84.08409771180,GL084084E28583N,Gandaki,Marsyangdi,0.01870776062,4866,M(e),Nepal
194,28.48851560420,84.48552109340,GL084485E28488N,Gandaki,Marsyangdi,0.92565689124,4033,M(e),Nepal
242,28.61581337420,84.31951867220,GL084319E28615N,Gandaki,Marsyangdi,0.02527321878,5177,M(o),Nepal
246,28.62008948220,84.31459870640,GL084314E28620N,Gandaki,Marsyangdi,0.00695377297,5041,M(o),Nepal
248,28.62183533990,84.30420832120,GL084304E28621N,Gandaki,Marsyangdi,0.00801448164,4861,M(o),Nepal
250,28.62670298880,84.29087693850,GL084290E28626N,Gandaki,Marsyangdi,0.04507212703,4754,M(e),Nepal
254,28.64158213270,83.79101388640,GL083791E28641N,Gandaki,Kali Gandaki,0.01048443079,4085,M(o),Nepal
255,28.64224232080,83.78986810810,GL083789E28642N,Gandaki,Kali Gandaki,0.00860451402,4075,M(o),Nepal
257,28.64395631460,84.26872932630,GL084268E28643N,Gandaki,Marsyangdi,0.00603568039,5151,E(o),Nepal
258,28.64463185410,84.26226369240,GL084262E28644N,Gandaki,Marsyangdi,0.01493396021,5004,M(e),Nepal
259,28.64843920220,84.36385706310,GL084363E28648N,Gandaki,Marsyangdi,0.00346895020,4093,E(o),Nepal
261,28.65673119460,84.45803671850,GL084458E28656N,Gandaki,Marsyangdi,0.08874505575,4037,M(l),Nepal
264,28.66334791620,84.01679882830,GL084016E28663N,Gandaki,Marsyangdi,0.06416828745,3515,M(o),Nepal
265,28.66473524110,84.46195075100,GL084461E28664N,Gandaki,Marsyangdi,0.00641099972,4150,M(o),Nepal
267,28.66300902400,84.47150367130,GL084471E28663N,Gandaki,Marsyangdi,0.24644657593,4087,M(l),Nepal
270,28.67212683750,83.86782302930,GL083867E28672N,Gandaki,Marsyangdi,0.00630295269,4977,M(o),Nepal
271,28.67185512830,83.85906035550,GL083859E28671N,Gandaki,Marsyangdi,0.01601227044,4991,M(e),Nepal
272,28.67227128260,83.86577052890,GL083865E28672N,Gandaki,Marsyangdi,0.00988841451,4972,M(o),Nepal
273,28.67206985250,83.86370166150,GL083863E28672N,Gandaki,Marsyangdi,0.03417791226,4956,M(o),Nepal
276,28.67613787460,84.05563438870,GL084055E28676N,Gandaki,Marsyangdi,0.01088245578,4580,E(o),Nepal
279,28.67981419210,84.44009383620,GL084440E28679N,Gandaki,Marsyangdi,0.00483962046,4316,I(s),Nepal
280,28.67977033590,84.06118219930,GL084061E28679N,Gandaki,Marsyangdi,0.04151784510,4612,E(o),Nepal
282,28.68371692230,84.43207495620,GL084432E28683N,Gandaki,Marsyangdi,0.00694897779,4369,I(s),Nepal
283,28.68766591250,84.43798259140,GL084437E28687N,Gandaki,Marsyangdi,0.00635499950,4338,M(o),Nepal
286,28.69732002390,83.87944060120,GL083879E28697N,Gandaki,Marsyangdi,0.04501493574,5161,M(o),Nepal
288,28.70699318130,83.82155855920,GL083821E28706N,Gandaki,Marsyangdi,0.01706724533,5114,M(o),Nepal
291,28.69088517190,83.85184101640,GL083851E28690N,Gandaki,Marsyangdi,3.38412758141,4910,M(e),Nepal
292,28.70993059160,83.89596752350,GL083895E28709N,Gandaki,Marsyangdi,0.02188394766,5004,E(o),Nepal
293,28.71210303820,83.92023737780,GL083920E28712N,Gandaki,Marsyangdi,0.11362406304,4984,M(o),Nepal
294,28.71592358190,83.91256164300,GL083912E28715N,Gandaki,Marsyangdi,0.01971007193,5046,E(o),Nepal
295,28.71804505010,83.85679050410,GL083856E28718N,Gandaki,Marsyangdi,0.01105741251,5481,E(c),Nepal
296,28.72152992730,83.89239324820,GL083892E28721N,Gandaki,Marsyangdi,0.00482664560,5075,M(o),Nepal
297,28.72241564990,83.89046460300,GL083890E28722N,Gandaki,Marsyangdi,0.01892639221,5092,M(o),Nepal
298,28.72559692590,83.90278964260,GL083902E28725N,Gandaki,Marsyangdi,0.02393878463,5113,M(o),Nepal
299,28.72611891880,83.88993421030,GL083889E28726N,Gandaki,Marsyangdi,0.15790358702,5103,M(e),Nepal
303,28.74451916210,83.99719876640,GL083997E28744N,Gandaki,Marsyangdi,0.02399697775,4906,M(e),Nepal
305,28.75150334100,84.08320595980,GL084083E28751N,Gandaki,Marsyangdi,0.03029173778,5146,M(l),Nepal
306,28.75197908010,83.92851122300,GL083928E28751N,Gandaki,Marsyangdi,0.01493632135,5211,E(o),Nepal
316,28.80041053920,83.96001499150,GL083960E28800N,Gandaki,Marsyangdi,0.01092081837,5466,M(o),Nepal
317,28.80257404070,83.95991952970,GL083959E28802N,Gandaki,Marsyangdi,0.01293118766,5455,M(o),Nepal
318,28.81772788470,84.33288891070,GL084332E28817N,Gandaki,Marsyangdi,0.06316505439,5273,M(e),Nepal
320,28.82030267990,84.12462911880,GL084124E28820N,Gandaki,Marsyangdi,0.03748571959,5311,M(e),Nepal
322,28.82568132330,84.33541303530,GL084335E28825N,Gandaki,Marsyangdi,0.00610438685,5449,M(o),Nepal
323,28.82574290400,84.05403574740,GL084054E28825N,Gandaki,Marsyangdi,0.00947312221,5421,E(o),Nepal
324,28.82571169920,84.14980886420,GL084149E28825N,Gandaki,Marsyangdi,0.09544587842,5400,M(e),Nepal
326,28.83010923300,84.22218159850,GL084222E28830N,Gandaki,Marsyangdi,0.01095168771,5611,E(o),Nepal
328,28.82972066710,84.14529982200,GL084145E28829N,Gandaki,Marsyangdi,0.02914032666,5480,M(e),Nepal
332,28.84335573460,83.94062523370,GL083940E28843N,Gandaki,Kali Gandaki,0.01990406509,5634,E(o),Nepal
334,28.85081848830,84.06455282480,GL084064E28850N,Gandaki,Kali Gandaki,0.01155830267,5572,M(o),Nepal
335,28.85301320970,84.06556704980,GL084065E28853N,Gandaki,Kali Gandaki,0.01356457690,5613,M(o),Nepal
337,28.85823844830,84.09912518590,GL084099E28858N,Gandaki,Marsyangdi,0.00884280876,5493,E(o),Nepal
339,28.87687174210,84.26614970370,GL084266E28876N,Gandaki,Marsyangdi,0.00490204515,5373,I(s),Nepal
340,28.87943243980,84.22497934620,GL084224E28879N,Gandaki,Marsyangdi,0.00914206223,5389,E(o),Nepal
251,28.63362023630,83.55972045120,GL083559E28633N,Gandaki,Kali Gandaki,0.02681060791,4279,M(o),Nepal
256,28.64195826810,83.78726855490,GL083787E28641N,Gandaki,Kali Gandaki,0.04488072873,4049,M(e),Nepal
333,28.84501910380,83.54131931720,GL083541E28845N,Gandaki,Kali Gandaki,0.00970464560,5430,E(o),Nepal
336,28.85402789490,83.54958824880,GL083549E28854N,Gandaki,Kali Gandaki,0.01264109636,5627,M(o),Nepal
341,28.88622033170,83.52742767850,GL083527E28886N,Gandaki,Kali Gandaki,0.30850501310,5573,M(e),Nepal
346,28.93051553930,84.20575375260,GL084205E28930N,Gandaki,Kali Gandaki,0.02304607044,5429,M(o),Nepal
351,28.94193164150,83.59821254890,GL083598E28941N,Gandaki,Kali Gandaki,0.01802739319,5482,E(o),Nepal
357,28.96181898030,83.63329373280,GL083633E28961N,Gandaki,Kali Gandaki,0.02827002266,5534,E(o),Nepal
360,28.96683453460,83.60453918070,GL083604E28966N,Gandaki,Kali Gandaki,0.03319701268,5495,E(o),Nepal
363,28.96882598050,83.60560842440,GL083605E28968N,Gandaki,Kali Gandaki,0.01492485847,5490,M(o),Nepal
367,28.97048889510,83.64005621200,GL083640E28970N,Gandaki,Kali Gandaki,0.03909229031,5517,M(e),Nepal
368,28.97277394620,83.74421678290,GL083744E28972N,Gandaki,Kali Gandaki,0.00434683671,5707,M(o),Nepal
369,28.97300914370,83.74237201520,GL083742E28973N,Gandaki,Kali Gandaki,0.01320547641,5710,M(o),Nepal
371,28.97370324620,83.74004408060,GL083740E28973N,Gandaki,Kali Gandaki,0.02453233455,5703,M(o),Nepal
372,28.97768919370,83.62654075250,GL083626E28977N,Gandaki,Kali Gandaki,0.00597068801,5540,E(o),Nepal
375,28.98214962230,83.72693623080,GL083726E28982N,Gandaki,Kali Gandaki,0.02248539822,5560,M(o),Nepal
377,28.98631500830,83.71329036440,GL083713E28986N,Gandaki,Kali Gandaki,0.01921179601,5617,M(o),Nepal
378,28.99604781140,83.75485043110,GL083754E28996N,Gandaki,Kali Gandaki,0.02273260737,5557,M(o),Nepal
379,28.99831300160,83.70122097290,GL083701E28998N,Gandaki,Kali Gandaki,0.02803705973,5521,M(o),Nepal
380,28.99923869690,83.74652444720,GL083746E28999N,Gandaki,Kali Gandaki,0.00950419715,5718,M(o),Nepal
381,29.00303242450,83.71778850490,GL083717E29003N,Gandaki,Kali Gandaki,0.01725685629,5633,M(o),Nepal
382,29.00618605430,83.75875050080,GL083758E29006N,Gandaki,Kali Gandaki,0.00831878210,5656,E(o),Nepal
383,29.01729375010,83.63508683360,GL083635E29017N,Gandaki,Kali Gandaki,0.04700623185,5548,E(o),Nepal
384,29.02241509900,83.63874885750,GL083638E29022N,Gandaki,Kali Gandaki,0.01265649284,5614,M(o),Nepal
385,29.02391385100,84.15535553720,GL084155E29023N,Gandaki,Kali Gandaki,0.01830550110,5640,M(o),Nepal
386,29.02445288970,83.63238443170,GL083632E29024N,Gandaki,Kali Gandaki,0.03557052125,5649,M(e),Nepal
387,29.03871373060,83.66933049380,GL083669E29038N,Gandaki,Kali Gandaki,0.10360535600,5471,E(o),Nepal
388,29.04575902400,83.67404691760,GL083674E29045N,Gandaki,Kali Gandaki,0.13305665174,5433,M(e),Nepal
389,29.06294103630,83.66070395220,GL083660E29062N,Gandaki,Kali Gandaki,0.00508009675,5658,M(o),Nepal
390,29.07216623800,83.64474221010,GL083644E29072N,Gandaki,Kali Gandaki,0.04736082310,5501,M(e),Nepal
391,29.07570828320,83.63658665210,GL083636E29075N,Gandaki,Kali Gandaki,0.00336371505,5588,E(o),Nepal
392,29.07516014550,83.65429632370,GL083654E29075N,Gandaki,Kali Gandaki,0.01897370205,5469,M(e),Nepal
393,29.07648647860,83.65164382010,GL083651E29076N,Gandaki,Kali Gandaki,0.03175314291,5474,M(l),Nepal
394,29.08477411820,83.74836589530,GL083748E29084N,Gandaki,Kali Gandaki,0.02009587327,5756,M(o),Nepal
395,29.08806491610,83.62842983350,GL083628E29088N,Gandaki,Kali Gandaki,0.00919795279,5681,M(o),Nepal
396,29.08964555730,83.63414473050,GL083634E29089N,Gandaki,Kali Gandaki,0.02118853789,5589,M(o),Nepal
397,29.09052593180,83.71378061950,GL083713E29090N,Gandaki,Kali Gandaki,0.00526156098,5674,M(o),Nepal
398,29.09161217580,83.62670694780,GL083626E29091N,Gandaki,Kali Gandaki,0.01061508381,5655,M(o),Nepal
399,29.09171211560,83.63320615820,GL083633E29091N,Gandaki,Kali Gandaki,0.01220332288,5598,M(o),Nepal
400,29.09331693770,83.63703031400,GL083637E29093N,Gandaki,Kali Gandaki,0.02713746278,5599,M(o),Nepal
401,29.10003801190,83.62704973700,GL083627E29100N,Gandaki,Kali Gandaki,0.01417227549,5757,E(o),Nepal
402,29.10165075190,83.62963127330,GL083629E29101N,Gandaki,Kali Gandaki,0.07561911189,5755,E(c),Nepal
403,29.10406428040,83.63803066620,GL083638E29104N,Gandaki,Kali Gandaki,0.02742965164,5688,E(o),Nepal
404,29.10557845320,83.67211558460,GL083672E29105N,Gandaki,Kali Gandaki,0.01482701031,5655,M(o),Nepal
405,29.11479602190,83.78615571370,GL083786E29114N,Gandaki,Kali Gandaki,0.07462069735,5587,M(e),Nepal
406,29.11667120220,83.73779902730,GL083737E29116N,Gandaki,Kali Gandaki,0.12234385139,5507,M(o),Nepal
407,29.11779351050,83.77906999530,GL083779E29117N,Gandaki,Kali Gandaki,0.02686450979,5661,M(e),Nepal
408,29.13105684800,83.73433103630,GL083734E29131N,Gandaki,Kali Gandaki,0.01692007813,5701,M(o),Nepal
409,29.13719686860,83.78992149660,GL083789E29137N,Gandaki,Kali Gandaki,0.03335749063,5905,E(c),Nepal
410,29.14342950380,83.72101899180,GL083721E29143N,Gandaki,Kali Gandaki,0.00400447823,5813,E(o),Nepal
411,29.14728559050,83.80299181060,GL083802E29147N,Gandaki,Kali Gandaki,0.02406826684,5662,M(e),Nepal
412,29.16151079860,83.66428914720,GL083664E29161N,Gandaki,Kali Gandaki,0.00455945437,5748,M(o),Nepal
413,29.16917841630,83.69429254900,GL083694E29169N,Gandaki,Kali Gandaki,0.00473947321,5675,M(o),Nepal
414,29.16891267390,83.76519428500,GL083765E29168N,Gandaki,Kali Gandaki,0.02411846264,5546,M(e),Nepal
415,29.17337290310,83.71031328070,GL083710E29173N,Gandaki,Kali Gandaki,0.09301658278,5644,M(o),Nepal
416,29.17498573400,83.74796111400,GL083747E29174N,Gandaki,Kali Gandaki,0.17260090043,5353,E(o),Nepal
417,29.18029591210,83.70632977150,GL083706E29180N,Gandaki,Kali Gandaki,0.01793729190,5687,M(o),Nepal
418,29.18316616700,83.70486670880,GL083704E29183N,Gandaki,Kali Gandaki,0.02837381225,5709,M(e),Nepal
419,29.18705428270,83.74485748580,GL083744E29187N,Gandaki,Kali Gandaki,0.00825152678,5695,M(o),Nepal
420,29.19341597140,83.66820356920,GL083668E29193N,Gandaki,Kali Gandaki,0.01824295957,5680,M(o),Nepal
421,29.19504281600,83.73536212190,GL083735E29195N,Gandaki,Kali Gandaki,0.01868507869,5845,M(o),Nepal
422,29.19816721200,83.74390912710,GL083743E29198N,Gandaki,Kali Gandaki,0.00822490014,5790,M(o),Nepal
423,29.19773775820,83.66499497170,GL083664E29197N,Gandaki,Kali Gandaki,0.04597414293,5698,M(e),Nepal
424,29.20038483640,83.68343448380,GL083683E29200N,Gandaki,Kali Gandaki,0.26114135740,5482,M(e),Nepal
425,29.20539001860,83.84817280460,GL083848E29205N,Gandaki,Kali Gandaki,0.02516430868,5431,M(e),Nepal
426,29.21849852440,83.70156136840,GL083701E29218N,Gandaki,Kali Gandaki,0.43445561653,5426,M(l),Nepal
427,29.22704892850,83.71702589580,GL083717E29227N,Gandaki,Kali Gandaki,0.01015604063,5406,M(o),Nepal
428,29.22866983820,83.71935110550,GL083719E29228N,Gandaki,Kali Gandaki,0.00803283303,5408,M(o),Nepal
429,29.24037359870,83.79485263230,GL083794E29240N,Gandaki,Kali Gandaki,0.01177034893,5725,E(o),Nepal
430,29.24495210720,83.79726157830,GL083797E29244N,Gandaki,Kali Gandaki,0.01128026205,5874,E(o),Nepal
431,29.24668466460,83.79543471860,GL083795E29246N,Gandaki,Kali Gandaki,0.01491952788,5878,E(o),Nepal
432,29.30021466810,83.86270003640,GL083862E29300N,Gandaki,Kali Gandaki,0.01208508808,5897,M(e),Nepal
1,28.65159106310,83.18722670870,GL083187E28651N,Karnali,Bheri,0.00629001276,4328,M(o),Nepal
4,28.66657108680,83.13638722810,GL083136E28666N,Karnali,Bheri,0.00481435762,4689,E(c),Nepal
5,28.68149900490,83.20786414250,GL083207E28681N,Karnali,Bheri,0.01502389217,4785,E(o),Nepal
8,28.70691301800,83.16308279770,GL083163E28706N,Karnali,Bheri,0.01193040321,5011,E(o),Nepal
90,27.79079250300,86.62101757580,GL086621E27790N,Koshi,Dudh Koshi,0.45774047806,5146,M(e),Nepal
91,27.77912846980,86.61236168370,GL086612E27779N,Koshi,Dudh Koshi,1.21855130450,4829,M(e),Nepal
92,27.89852545830,86.92509562830,GL086925E27898N,Koshi,Dudh Koshi,1.34283095492,5002,M(e),Nepal
93,27.93321117560,86.74667430740,GL086746E27933N,Koshi,Dudh Koshi,0.07627431377,4954,M(e),Nepal
242,27.79557863540,86.61739866140,GL086617E27795N,Koshi,Dudh Koshi,0.01421822017,5183,M(e),Nepal
243,27.77773362870,86.64313607060,GL086643E27777N,Koshi,Dudh Koshi,0.29582232609,5161,M(e),Nepal
244,27.94303996060,86.71030127150,GL086710E27943N,Koshi,Dudh Koshi,0.08935791099,4709,I(s),Nepal
245,27.93660466890,86.71285452120,GL086712E27936N,Koshi,Dudh Koshi,0.01756931576,4705,I(s),Nepal
246,27.93703719020,86.71019005840,GL086710E27937N,Koshi,Dudh Koshi,0.04653410169,4701,I(s),Nepal
247,27.97524833210,86.73714017000,GL086737E27975N,Koshi,Dudh Koshi,0.03329951301,5356,M(e),Nepal
248,27.96220653840,86.77429508130,GL086774E27962N,Koshi,Dudh Koshi,0.03721188980,5108,M(e),Nepal
249,27.95171760150,86.77772956340,GL086777E27951N,Koshi,Dudh Koshi,0.03374713938,5002,M(e),Nepal
250,27.95065021340,86.78187431240,GL086781E27950N,Koshi,Dudh Koshi,0.03501242923,5010,M(e),Nepal
251,27.95662500060,86.80626957750,GL086806E27956N,Koshi,Dudh Koshi,0.01341872375,4983,I(s),Nepal
252,27.96068127730,86.83178240620,GL086831E27960N,Koshi,Dudh Koshi,0.01973764859,5043,M(o),Nepal
253,27.99609590300,86.82038603220,GL086820E27996N,Koshi,Dudh Koshi,0.01690863950,5357,M(o),Nepal
254,27.99666494720,86.82368316180,GL086823E27996N,Koshi,Dudh Koshi,0.00563099720,5410,M(o),Nepal
255,27.99738853810,86.83580300530,GL086835E27997N,Koshi,Dudh Koshi,0.12479296325,5299,M(e),Nepal
256,27.99359371150,86.83815683850,GL086838E27993N,Koshi,Dudh Koshi,0.01844185061,5301,M(o),Nepal
257,28.00123982700,86.84049620780,GL086840E28001N,Koshi,Dudh Koshi,0.00766637946,5407,M(e),Nepal
258,27.95034512180,86.85521024270,GL086855E27950N,Koshi,Dudh Koshi,0.01166110057,5440,M(o),Nepal
259,27.94955572140,86.85858201800,GL086858E27949N,Koshi,Dudh Koshi,0.01305806089,5431,M(o),Nepal
260,27.91479608180,86.86788193270,GL086867E27914N,Koshi,Dudh Koshi,0.01370643661,5003,I(s),Nepal
261,27.91136267950,86.90046163490,GL086900E27911N,Koshi,Dudh Koshi,0.00801551133,5010,I(s),Nepal
262,27.89390839370,86.91370442510,GL086913E27893N,Koshi,Dudh Koshi,0.11518758110,4985,M(e),Nepal
263,27.88680694640,86.89718657530,GL086897E27886N,Koshi,Dudh Koshi,0.05085797469,5137,M(o),Nepal
264,27.88387396170,86.89157101560,GL086891E27883N,Koshi,Dudh Koshi,0.01514946940,5047,M(o),Nepal
265,27.87969673030,86.89240031460,GL086892E27879N,Koshi,Dudh Koshi,0.00758107730,5134,M(o),Nepal
266,27.87446641050,86.88521246090,GL086885E27874N,Koshi,Dudh Koshi,0.02467268494,4976,I(s),Nepal
267,27.96927247480,86.74644229940,GL086746E27969N,Koshi,Dudh Koshi,0.00351258102,5180,M(o),Nepal
268,27.95337862970,86.76893748000,GL086768E27953N,Koshi,Dudh Koshi,0.01074875483,5041,M(o),Nepal
269,27.92054620030,86.74531200860,GL086745E27920N,Koshi,Dudh Koshi,0.01738944101,4879,M(e),Nepal
270,27.95121759850,86.69023313050,GL086690E27951N,Koshi,Dudh Koshi,0.42711067802,4728,M(l),Nepal
271,27.96157557170,86.69615487260,GL086696E27961N,Koshi,Dudh Koshi,0.02987969926,4746,I(s),Nepal
272,27.99610594530,86.69837425740,GL086698E27996N,Koshi,Dudh Koshi,0.01299006026,4844,I(s),Nepal
273,28.00596524880,86.68210456420,GL086682E28005N,Koshi,Dudh Koshi,0.15408787638,4940,M(l),Nepal
274,28.01744228610,86.72125127110,GL086721E28017N,Koshi,Dudh Koshi,0.17453604113,5067,M(l),Nepal
275,28.01971339910,86.73319874390,GL086733E28019N,Koshi,Dudh Koshi,0.02937661981,5219,M(o),Nepal
276,28.03811603070,86.70993566350,GL086709E28038N,Koshi,Dudh Koshi,0.15970575375,5344,M(l),Nepal
277,28.02514047030,86.68241735500,GL086682E28025N,Koshi,Dudh Koshi,0.10089720743,5146,M(o),Nepal
278,28.02826247700,86.68466077170,GL086684E28028N,Koshi,Dudh Koshi,0.01866664765,5156,M(o),Nepal
279,28.02962443030,86.68321924150,GL086683E28029N,Koshi,Dudh Koshi,0.01748562094,5158,M(o),Nepal
280,28.02588008980,86.67972133040,GL086679E28025N,Koshi,Dudh Koshi,0.00926879500,5156,M(o),Nepal
281,28.02815893940,86.68070400730,GL086680E28028N,Koshi,Dudh Koshi,0.02370897359,5159,M(o),Nepal
282,28.03091953010,86.64666905280,GL086646E28030N,Koshi,Dudh Koshi,0.01042453686,5324,M(e),Nepal
283,27.99166093080,86.65190227250,GL086651E27991N,Koshi,Dudh Koshi,0.01962225032,5277,M(o),Nepal
284,27.94645316420,86.65108544900,GL086651E27946N,Koshi,Dudh Koshi,0.06453838383,5113,M(o),Nepal
285,27.97545072030,86.68094284980,GL086680E27975N,Koshi,Dudh Koshi,0.57135260707,4834,M(l),Nepal
286,27.87427921190,86.58589579940,GL086585E27874N,Koshi,Dudh Koshi,0.42316332987,4366,M(e),Nepal
287,27.82630880190,86.56980471170,GL086569E27826N,Koshi,Dudh Koshi,0.04545017932,4791,M(l),Nepal
288,27.82350211780,86.57081638740,GL086570E27823N,Koshi,Dudh Koshi,0.04110924151,4770,M(e),Nepal
289,27.82772478500,86.57327049110,GL086573E27827N,Koshi,Dudh Koshi,0.03784473501,4752,M(e),Nepal
290,27.81998657830,86.58163069260,GL086581E27819N,Koshi,Dudh Koshi,0.01246849214,4605,M(o),Nepal
291,27.78594808280,86.63215907000,GL086632E27785N,Koshi,Dudh Koshi,0.02667753845,5122,M(e),Nepal
292,27.78302686630,86.62805311510,GL086628E27783N,Koshi,Dudh Koshi,0.01994170651,4976,M(e),Nepal
293,27.98105466060,86.60949022300,GL086609E27981N,Koshi,Dudh Koshi,0.02738169011,4805,I(s),Nepal
294,28.01743948480,86.58093789560,GL086580E28017N,Koshi,Dudh Koshi,0.01130741646,5005,I(s),Nepal
295,27.99062013250,86.60836368880,GL086608E27990N,Koshi,Dudh Koshi,0.01336517604,4820,I(s),Nepal
296,27.98732947460,86.60945759870,GL086609E27987N,Koshi,Dudh Koshi,0.01669501370,4810,I(s),Nepal
297,27.99349759110,86.61624775530,GL086616E27993N,Koshi,Dudh Koshi,0.01628236334,4938,I(s),Nepal
298,27.81096350260,86.84421362060,GL086844E27810N,Koshi,Dudh Koshi,0.05611024938,5534,M(o),Nepal
299,27.74289995570,86.84463470940,GL086844E27742N,Koshi,Dudh Koshi,0.26864184292,4361,M(e),Nepal
300,27.75750651100,86.88803850720,GL086888E27757N,Koshi,Dudh Koshi,0.07423171325,5108,M(e),Nepal
301,27.75908136700,86.87497373540,GL086874E27759N,Koshi,Dudh Koshi,0.05763749131,4910,M(e),Nepal
302,27.76005389080,86.86352111580,GL086863E27760N,Koshi,Dudh Koshi,0.07670435573,5126,M(e),Nepal
303,27.68751263050,86.85880666540,GL086858E27687N,Koshi,Dudh Koshi,0.30548735668,4762,M(e),Nepal
304,27.72497006900,86.90024672170,GL086900E27724N,Koshi,Dudh Koshi,0.03332420283,5205,M(e),Nepal
305,27.71389626280,86.91651227400,GL086916E27713N,Koshi,Dudh Koshi,0.05706051482,5101,M(e),Nepal
306,27.79923160590,86.96632189870,GL086966E27799N,Koshi,Dudh Koshi,0.23685860865,5400,M(l),Nepal
307,27.82087072820,86.96013527470,GL086960E27820N,Koshi,Dudh Koshi,0.05118166134,5443,M(e),Nepal
308,27.85693889770,86.91858767360,GL086918E27856N,Koshi,Dudh Koshi,0.07697797477,5416,M(e),Nepal
309,27.85024645560,86.92865017850,GL086928E27850N,Koshi,Dudh Koshi,0.45241627388,5394,M(e),Nepal
310,27.69657162520,86.79198710530,GL086791E27696N,Koshi,Dudh Koshi,0.12214999932,4947,M(e),Nepal
311,27.84826538540,86.85787644010,GL086857E27848N,Koshi,Dudh Koshi,0.01489733019,5341,M(o),Nepal
315,27.66306672160,86.53887227420,GL086538E27663N,Koshi,Dudh Koshi,0.01467151198,4335,E(o),Nepal
316,27.67990941310,86.54316205340,GL086543E27679N,Koshi,Dudh Koshi,0.01523125323,4507,E(o),Nepal
317,27.67691824320,86.54568052910,GL086545E27676N,Koshi,Dudh Koshi,0.02710264562,4458,E(o),Nepal
318,27.66707213450,86.54762770310,GL086547E27667N,Koshi,Dudh Koshi,0.00979792876,4333,E(o),Nepal
319,27.66388521310,86.54469048240,GL086544E27663N,Koshi,Dudh Koshi,0.00732725632,4337,E(o),Nepal
320,27.70347559520,86.55969886430,GL086559E27703N,Koshi,Dudh Koshi,0.07956975202,4799,M(o),Nepal
321,27.70152130390,86.57275753310,GL086572E27701N,Koshi,Dudh Koshi,0.04166188748,4719,M(o),Nepal
322,27.70939547540,86.56305823360,GL086563E27709N,Koshi,Dudh Koshi,0.02821460967,4870,M(e),Nepal
323,27.72794361540,86.56974179650,GL086569E27727N,Koshi,Dudh Koshi,0.02920259084,4990,M(o),Nepal
324,27.71137922420,86.59935111990,GL086599E27711N,Koshi,Dudh Koshi,0.08900895560,4611,M(l),Nepal
325,27.70839347470,86.59676167460,GL086596E27708N,Koshi,Dudh Koshi,0.00980004107,4555,M(o),Nepal
326,27.67417250680,86.60909565340,GL086609E27674N,Koshi,Dudh Koshi,0.06528143780,4384,E(c),Nepal
327,27.68238591500,86.60130420940,GL086601E27682N,Koshi,Dudh Koshi,0.00782887370,4527,E(o),Nepal
328,27.72290232130,86.60217184920,GL086602E27722N,Koshi,Dudh Koshi,0.00508474953,4971,M(o),Nepal
329,27.82253709560,86.93473498500,GL086934E27822N,Koshi,Dudh Koshi,0.04577287217,5181,M(o),Nepal
393,27.95991549260,86.56785050260,GL086567E27959N,Koshi,Dudh Koshi,0.00863139676,4906,M(o),Nepal
461,27.69326751300,86.54978959250,GL086549E27693N,Koshi,Dudh Koshi,0.02305747128,4707,E(o),Nepal
462,27.68557866580,86.57001748000,GL086570E27685N,Koshi,Dudh Koshi,0.01873869227,4737,M(o),Nepal
463,27.64978310740,86.58036380180,GL086580E27649N,Koshi,Dudh Koshi,0.00906881553,4253,E(o),Nepal
464,27.70314732470,86.60531436120,GL086605E27703N,Koshi,Dudh Koshi,0.01004595081,4640,M(o),Nepal
465,27.69097943400,86.60556705630,GL086605E27690N,Koshi,Dudh Koshi,0.00438413505,4695,E(o),Nepal
466,27.71042004840,86.59033801140,GL086590E27710N,Koshi,Dudh Koshi,0.03023645333,4637,M(l),Nepal
467,27.77147532690,86.64511690770,GL086645E27771N,Koshi,Dudh Koshi,0.02645755087,5190,M(o),Nepal
468,27.78860674720,86.63214670810,GL086632E27788N,Koshi,Dudh Koshi,0.05150102245,5203,M(e),Nepal
469,27.90088856410,86.57623657770,GL086576E27900N,Koshi,Dudh Koshi,0.02904113057,5162,M(o),Nepal
470,27.90472717310,86.58154546090,GL086581E27904N,Koshi,Dudh Koshi,0.02589353434,5038,M(o),Nepal
471,27.90883748040,86.58044735050,GL086580E27908N,Koshi,Dudh Koshi,0.02888759542,5103,M(o),Nepal
472,27.90850902400,86.58529024940,GL086585E27908N,Koshi,Dudh Koshi,0.00874498021,5258,M(o),Nepal
473,27.94360737710,86.55404003640,GL086554E27943N,Koshi,Dudh Koshi,0.01235763183,5134,M(o),Nepal
474,27.94406868600,86.54951027070,GL086549E27944N,Koshi,Dudh Koshi,0.06241231994,5156,M(o),Nepal
475,27.99006206590,86.58867693050,GL086588E27990N,Koshi,Dudh Koshi,0.02354189506,5242,M(o),Nepal
476,27.99379104420,86.57601076730,GL086576E27993N,Koshi,Dudh Koshi,0.00519783347,5227,M(o),Nepal
477,27.97172954430,86.55715774000,GL086557E27971N,Koshi,Dudh Koshi,0.01001206279,5079,M(o),Nepal
478,27.97575286550,86.54346341210,GL086543E27975N,Koshi,Dudh Koshi,0.01014076497,5153,M(o),Nepal
479,27.97996267000,86.53980412820,GL086539E27979N,Koshi,Dudh Koshi,0.01168373020,5255,M(o),Nepal
480,27.98395722330,86.56771429610,GL086567E27983N,Koshi,Dudh Koshi,0.00269255812,5262,M(o),Nepal
481,27.98886284020,86.64902188730,GL086649E27988N,Koshi,Dudh Koshi,0.04777227204,5206,M(o),Nepal
482,28.00760345810,86.64139128310,GL086641E28007N,Koshi,Dudh Koshi,0.03789084668,5159,M(e),Nepal
483,27.95825032850,86.66090718950,GL086660E27958N,Koshi,Dudh Koshi,0.05216132257,5152,M(o),Nepal
484,27.96075548330,86.66295113060,GL086662E27960N,Koshi,Dudh Koshi,0.01716104655,5167,M(o),Nepal
485,27.96994156060,86.65429575750,GL086654E27969N,Koshi,Dudh Koshi,0.03132858317,5112,M(e),Nepal
486,27.95325588730,86.64966862130,GL086649E27953N,Koshi,Dudh Koshi,0.00704683649,5350,M(o),Nepal
487,27.97120881440,86.63507047820,GL086635E27971N,Koshi,Dudh Koshi,0.01555063968,5069,M(o),Nepal
488,28.03621692880,86.60994869420,GL086609E28036N,Koshi,Dudh Koshi,0.01763129929,5333,M(o),Nepal
489,28.04138122970,86.70559835300,GL086705E28041N,Koshi,Dudh Koshi,0.02695797102,5359,M(o),Nepal
490,28.02898230600,86.67023784500,GL086670E28028N,Koshi,Dudh Koshi,0.02652978556,5219,M(e),Nepal
491,28.04462484290,86.70908936580,GL086709E28044N,Koshi,Dudh Koshi,0.00503158347,5320,M(o),Nepal
492,28.03488410050,86.67091475760,GL086670E28034N,Koshi,Dudh Koshi,0.01264115987,5406,M(o),Nepal
493,28.04046593650,86.67294215780,GL086672E28040N,Koshi,Dudh Koshi,0.01962873038,5225,M(o),Nepal
494,27.87351136520,86.68516795740,GL086685E27873N,Koshi,Dudh Koshi,0.01680454487,4910,M(o),Nepal
495,27.82100420660,86.91043366040,GL086910E27821N,Koshi,Dudh Koshi,0.02410840435,5460,M(e),Nepal
496,27.84900582870,86.92552973660,GL086925E27849N,Koshi,Dudh Koshi,0.03916731685,5398,M(e),Nepal
497,27.80293833890,86.98524166750,GL086985E27802N,Koshi,Dudh Koshi,0.02104959139,5586,M(o),Nepal
498,27.81722139370,86.93714712690,GL086937E27817N,Koshi,Dudh Koshi,0.03494242991,5177,M(o),Nepal
499,27.73637847760,86.87651218430,GL086876E27736N,Koshi,Dudh Koshi,0.00656355281,4737,M(o),Nepal
500,27.73714633330,86.87225721090,GL086872E27737N,Koshi,Dudh Koshi,0.00357814901,4732,M(o),Nepal
501,27.79326501380,86.83896436080,GL086838E27793N,Koshi,Dudh Koshi,0.22456282833,5314,M(e),Nepal
502,27.79488529120,86.87755952920,GL086877E27794N,Koshi,Dudh Koshi,0.01712607433,5318,M(e),Nepal
503,27.76589389640,86.87127678660,GL086871E27765N,Koshi,Dudh Koshi,0.10118690909,4929,I(s),Nepal
504,27.69444312780,86.85871303770,GL086858E27694N,Koshi,Dudh Koshi,0.00949144051,4960,M(o),Nepal
505,27.60887090040,86.84964759680,GL086849E27608N,Koshi,Dudh Koshi,0.09075452907,4322,E(c),Nepal
506,27.61033322930,86.84459685050,GL086844E27610N,Koshi,Dudh Koshi,0.01629494243,4289,E(o),Nepal
507,27.62369328310,86.84967573520,GL086849E27623N,Koshi,Dudh Koshi,0.01261815939,4536,E(o),Nepal
508,27.62628437550,86.86251362590,GL086862E27626N,Koshi,Dudh Koshi,0.01238250582,4873,E(o),Nepal
509,27.89681399520,86.79712139260,GL086797E27896N,Koshi,Dudh Koshi,0.01604523135,5060,M(o),Nepal
510,27.97799736950,86.70438703180,GL086704E27977N,Koshi,Dudh Koshi,0.02320168404,4839,M(l),Nepal
511,27.99504135880,86.53089037470,GL086530E27995N,Koshi,Dudh Koshi,0.00640000726,5276,M(o),Nepal
512,27.71237121180,86.57147733980,GL086571E27712N,Koshi,Dudh Koshi,0.01240249462,4904,M(o),Nepal
529,27.92384508160,86.78662276340,GL086786E27923N,Koshi,Dudh Koshi,0.56266097539,4502,M(l),Nepal
537,27.67928073930,86.79389132720,GL086793E27679N,Koshi,Dudh Koshi,0.01319154789,4978,M(o),Nepal
538,27.87790190270,86.85592508040,GL086855E27877N,Koshi,Dudh Koshi,0.01357540773,4820,E(o),Nepal
539,27.92885312550,86.83802243360,GL086838E27928N,Koshi,Dudh Koshi,0.02912309524,5431,M(o),Nepal
540,27.97663702530,86.55076415330,GL086550E27976N,Koshi,Dudh Koshi,0.00369482324,5082,M(o),Nepal
541,27.97923245440,86.54748768390,GL086547E27979N,Koshi,Dudh Koshi,0.00552685844,5089,M(o),Nepal
575,28.00789451090,86.84941524320,GL086849E28007N,Koshi,Dudh Koshi,0.00547280893,5357,M(o),Nepal
576,28.03760051300,86.65095920060,GL086650E28037N,Koshi,Dudh Koshi,0.00798602194,5439,M(o),Nepal
577,27.95272058050,86.56564362280,GL086565E27952N,Koshi,Dudh Koshi,0.02387633123,4869,I(s),Nepal
578,27.70727854630,86.58549279480,GL086585E27707N,Koshi,Dudh Koshi,0.00375349957,4734,M(o),Nepal
579,27.69665350440,86.59207151720,GL086592E27696N,Koshi,Dudh Koshi,0.00545327120,4428,M(o),Nepal
580,27.83987060510,86.63067088840,GL086630E27839N,Koshi,Dudh Koshi,0.01124962148,4469,M(o),Nepal
581,27.93317172370,86.64750898930,GL086647E27933N,Koshi,Dudh Koshi,0.03934616447,4897,M(o),Nepal
582,27.68496630410,86.54373154360,GL086543E27684N,Koshi,Dudh Koshi,0.00943747802,4611,E(o),Nepal
584,27.67890761830,86.57391326850,GL086573E27678N,Koshi,Dudh Koshi,0.00928752729,4560,E(o),Nepal
627,27.96392957480,86.85904863410,GL086859E27963N,Koshi,Dudh Koshi,0.00452905053,5634,M(o),Nepal
628,27.95070463250,86.82244760050,GL086822E27950N,Koshi,Dudh Koshi,0.01467996888,4943,I(s),Nepal
629,27.94253308120,86.81315408040,GL086813E27942N,Koshi,Dudh Koshi,0.00439850452,4941,I(s),Nepal
630,27.92983282720,86.84009718680,GL086840E27929N,Koshi,Dudh Koshi,0.00873820895,5426,M(o),Nepal
631,27.96308136590,86.76746903880,GL086767E27963N,Koshi,Dudh Koshi,0.01285108623,5147,M(o),Nepal
632,27.99075640770,86.72388384310,GL086723E27990N,Koshi,Dudh Koshi,0.00966775102,5107,I(s),Nepal
633,27.97009175220,86.58873257930,GL086588E27970N,Koshi,Dudh Koshi,0.02456391649,5214,E(o),Nepal
634,27.97525301170,86.59043798060,GL086590E27975N,Koshi,Dudh Koshi,0.00672032117,5298,M(o),Nepal
635,27.69708669680,86.56011700090,GL086560E27697N,Koshi,Dudh Koshi,0.00550072203,4868,E(o),Nepal
636,27.69582842260,86.55149493480,GL086551E27695N,Koshi,Dudh Koshi,0.00601953054,4811,E(o),Nepal
662,27.74306981830,86.92983963190,GL086929E27743N,Koshi,Dudh Koshi,0.00478616256,4814,M(o),Nepal
663,27.69342084250,86.92102266580,GL086921E27693N,Koshi,Dudh Koshi,0.01235959444,5006,M(e),Nepal
675,27.92670886330,86.95908923040,GL086959E27926N,Koshi,Dudh Koshi,0.00379093704,5234,I(s),Nepal
676,27.90150984970,86.91275933620,GL086912E27901N,Koshi,Dudh Koshi,0.00377033695,5013,M(o),Nepal
677,27.99184969390,86.80803438680,GL086808E27991N,Koshi,Dudh Koshi,0.00371161481,5235,I(s),Nepal
678,27.99077296220,86.81290735610,GL086812E27990N,Koshi,Dudh Koshi,0.00374639879,5232,I(s),Nepal
679,27.94455815890,86.82410664090,GL086824E27944N,Koshi,Dudh Koshi,0.01511684294,4926,M(o),Nepal
680,27.94617375210,86.81980616600,GL086819E27946N,Koshi,Dudh Koshi,0.00567092899,4931,I(s),Nepal
681,27.94460616400,86.81793203670,GL086817E27944N,Koshi,Dudh Koshi,0.02010860771,4942,I(s),Nepal
682,27.93471448790,86.81117807310,GL086811E27934N,Koshi,Dudh Koshi,0.00351364167,4919,I(s),Nepal
683,27.93374981530,86.70613898330,GL086706E27933N,Koshi,Dudh Koshi,0.00874062273,4682,M(l),Nepal
684,28.02180382350,86.70814073090,GL086708E28021N,Koshi,Dudh Koshi,0.01973398414,4982,I(s),Nepal
685,28.00895252920,86.69474500290,GL086694E28008N,Koshi,Dudh Koshi,0.01490776744,4927,I(s),Nepal
686,27.99316972920,86.69531372620,GL086695E27993N,Koshi,Dudh Koshi,0.00774503067,4886,I(s),Nepal
687,27.95372334160,86.69908343070,GL086699E27953N,Koshi,Dudh Koshi,0.00988051847,4740,I(s),Nepal
688,28.06605094930,86.58525789000,GL086585E28066N,Koshi,Dudh Koshi,0.01093803539,5294,I(s),Nepal
689,28.06017378810,86.59116245130,GL086591E28060N,Koshi,Dudh Koshi,0.00609171188,5236,I(s),Nepal
690,28.04403258600,86.62748525160,GL086627E28044N,Koshi,Dudh Koshi,0.01529013929,5322,I(s),Nepal
691,28.03891316290,86.58861271250,GL086588E28038N,Koshi,Dudh Koshi,0.00737943228,5141,I(s),Nepal
692,27.88554670510,86.89444382570,GL086894E27885N,Koshi,Dudh Koshi,0.00766888067,5106,M(o),Nepal
693,27.87310430260,86.87897304940,GL086878E27873N,Koshi,Dudh Koshi,0.00960702018,5019,I(s),Nepal
726,27.66621601020,86.56576275930,GL086565E27666N,Koshi,Dudh Koshi,0.00635702679,4438,E(c),Nepal
727,27.67517697360,86.56489837340,GL086564E27675N,Koshi,Dudh Koshi,0.00416006026,4530,E(o),Nepal
728,27.67614727770,86.56389560690,GL086563E27676N,Koshi,Dudh Koshi,0.00516736105,4527,E(o),Nepal
729,27.68635610290,86.55413266070,GL086554E27686N,Koshi,Dudh Koshi,0.01061266926,4610,E(o),Nepal
730,27.68771419190,86.55020999820,GL086550E27687N,Koshi,Dudh Koshi,0.00963269611,4655,E(o),Nepal
731,27.65500782120,86.61481888270,GL086614E27655N,Koshi,Dudh Koshi,0.00380120162,4235,E(o),Nepal
732,27.66928879220,86.60570842770,GL086605E27669N,Koshi,Dudh Koshi,0.00364569873,4269,E(o),Nepal
733,27.68467378950,86.62787104040,GL086627E27684N,Koshi,Dudh Koshi,0.00353419723,4558,E(o),Nepal
734,27.87962238210,86.60857506080,GL086608E27879N,Koshi,Dudh Koshi,0.00317824067,4778,E(c),Nepal
735,27.97716487280,86.54725497640,GL086547E27977N,Koshi,Dudh Koshi,0.00350644681,5112,M(o),Nepal
736,28.02256581410,86.59999808710,GL086599E28022N,Koshi,Dudh Koshi,0.00525423166,5275,M(o),Nepal
745,27.90688921140,86.58837642360,GL086588E27906N,Koshi,Dudh Koshi,0.00341272234,5221,M(o),Nepal
746,27.90716788080,86.58747028490,GL086587E27907N,Koshi,Dudh Koshi,0.00354037741,5234,M(o),Nepal
747,27.71125972260,86.56572524140,GL086565E27711N,Koshi,Dudh Koshi,0.00898224298,4975,M(o),Nepal
750,27.67228709890,86.54147637270,GL086541E27672N,Koshi,Dudh Koshi,0.00903893657,4540,E(o),Nepal
756,27.97688198380,86.60748485040,GL086607E27976N,Koshi,Dudh Koshi,0.02511879432,4793,I(s),Nepal
757,27.97708270110,86.60916981210,GL086609E27977N,Koshi,Dudh Koshi,0.00364959355,4798,I(s),Nepal
759,27.99640910750,86.66376494660,GL086663E27996N,Koshi,Dudh Koshi,0.02320687557,5271,M(o),Nepal
760,27.96469049910,86.67765683390,GL086677E27964N,Koshi,Dudh Koshi,0.00729698312,5152,M(o),Nepal
761,27.95032878770,86.57194200610,GL086571E27950N,Koshi,Dudh Koshi,0.00736393425,4862,I(s),Nepal
762,27.73084148420,86.58738222980,GL086587E27730N,Koshi,Dudh Koshi,0.00510306818,5188,M(o),Nepal
773,27.99643901270,86.65608740870,GL086656E27996N,Koshi,Dudh Koshi,0.00356719160,5369,M(o),Nepal
779,27.93827481010,86.71244077680,GL086712E27938N,Koshi,Dudh Koshi,0.01609615205,4704,I(s),Nepal
780,27.93193652720,86.71319757410,GL086713E27931N,Koshi,Dudh Koshi,0.00707379088,4701,M(e),Nepal
781,27.93005815390,86.71514371380,GL086715E27930N,Koshi,Dudh Koshi,0.00559480945,4688,M(e),Nepal
782,27.93463193840,86.71266341850,GL086712E27934N,Koshi,Dudh Koshi,0.00433113842,4709,I(s),Nepal
783,27.66437147040,86.61561038200,GL086615E27664N,Koshi,Dudh Koshi,0.00397171138,4443,E(o),Nepal
784,27.65387855010,86.56713886010,GL086567E27653N,Koshi,Dudh Koshi,0.00333667069,4226,E(o),Nepal
785,27.96376365860,86.58321193210,GL086583E27963N,Koshi,Dudh Koshi,0.00455858209,5122,E(o),Nepal
786,28.00976924820,86.54329198700,GL086543E28009N,Koshi,Dudh Koshi,0.00263475636,5279,I(s),Nepal
796,27.73074044520,86.90415811790,GL086904E27730N,Koshi,Dudh Koshi,0.00488316529,5137,M(o),Nepal
797,27.72913913890,86.91945365450,GL086919E27729N,Koshi,Dudh Koshi,0.01346485074,4901,M(o),Nepal
817,27.77106664080,86.87104449450,GL086871E27771N,Koshi,Dudh Koshi,0.00873048306,4963,I(s),Nepal
818,27.77542354240,86.86661361370,GL086866E27775N,Koshi,Dudh Koshi,0.00456926345,4952,I(s),Nepal
819,27.81654469990,86.58868653480,GL086588E27816N,Koshi,Dudh Koshi,0.00966244080,4561,I(s),Nepal
820,27.81876412590,86.59183379650,GL086591E27818N,Koshi,Dudh Koshi,0.00396198097,4526,I(s),Nepal
821,27.83993729770,86.56792860290,GL086567E27839N,Koshi,Dudh Koshi,0.00371344676,5095,M(o),Nepal
822,27.88506649020,86.75743366000,GL086757E27885N,Koshi,Dudh Koshi,0.00455923894,5134,M(o),Nepal
823,27.88780409130,86.78117916850,GL086781E27887N,Koshi,Dudh Koshi,0.00430507559,5209,M(o),Nepal
824,27.97588022560,86.80794106710,GL086807E27975N,Koshi,Dudh Koshi,0.07617382576,5186,I(s),Nepal
825,27.98004133910,86.79583205000,GL086795E27980N,Koshi,Dudh Koshi,0.00652390391,5279,I(s),Nepal
828,27.78929564610,86.61366278200,GL086613E27789N,Koshi,Dudh Koshi,0.00673945520,5176,M(o),Nepal
835,27.91033978370,86.65881151010,GL086658E27910N,Koshi,Dudh Koshi,0.00335349228,5021,M(o),Nepal
836,27.91830584800,86.67728426010,GL086677E27918N,Koshi,Dudh Koshi,0.00699407854,5219,M(o),Nepal
845,28.01964544280,86.55161712360,GL086551E28019N,Koshi,Dudh Koshi,0.00606876146,5157,M(o),Nepal
846,27.94034212740,86.70869132000,GL086708E27940N,Koshi,Dudh Koshi,0.02522550381,4710,I(s),Nepal
854,27.73734525950,86.82057337720,GL086820E27737N,Koshi,Dudh Koshi,0.01261838524,4619,M(e),Nepal
860,27.72523923480,86.56958305890,GL086569E27725N,Koshi,Dudh Koshi,0.00351564960,4981,E(o),Nepal
883,27.83793132050,86.87576860650,GL086875E27837N,Koshi,Dudh Koshi,0.04459878182,5327,M(o),Nepal
900,27.69504618790,86.57168485790,GL086571E27695N,Koshi,Dudh Koshi,0.00514481712,4694,M(o),Nepal
901,27.69559796060,86.57397412590,GL086573E27695N,Koshi,Dudh Koshi,0.00355894076,4679,M(o),Nepal
903,28.02832845750,86.68634373360,GL086686E28028N,Koshi,Dudh Koshi,0.00651304960,5153,M(o),Nepal
904,27.88614561620,86.84433624600,GL086844E27886N,Koshi,Dudh Koshi,0.02755686521,4672,M(o),Nepal
905,27.88899116990,86.84175154250,GL086841E27888N,Koshi,Dudh Koshi,0.00364138736,4669,M(e),Nepal
906,27.88913697190,86.84552404810,GL086845E27889N,Koshi,Dudh Koshi,0.01384968958,4675,M(o),Nepal
907,27.81671209870,86.95389976270,GL086953E27816N,Koshi,Dudh Koshi,0.00281474076,5435,M(o),Nepal
914,27.78134485620,86.58971261270,GL086589E27781N,Koshi,Dudh Koshi,0.00903861709,5065,M(l),Nepal
915,27.94957584900,86.55622837270,GL086556E27949N,Koshi,Dudh Koshi,0.00319292374,5016,M(o),Nepal
916,27.97321593430,86.56371578020,GL086563E27973N,Koshi,Dudh Koshi,0.00861666778,5032,I(s),Nepal
917,28.00929949190,86.55977108420,GL086559E28009N,Koshi,Dudh Koshi,0.00813126452,5203,M(o),Nepal
918,27.98587741550,86.62940367230,GL086629E27985N,Koshi,Dudh Koshi,0.00730754868,5052,M(o),Nepal
919,27.94137774540,86.69895818160,GL086698E27941N,Koshi,Dudh Koshi,0.18508238162,4697,M(l),Nepal
920,27.99563537920,86.66303150320,GL086663E27995N,Koshi,Dudh Koshi,0.00371527518,5269,M(o),Nepal
921,28.01595502410,86.72407705910,GL086724E28015N,Koshi,Dudh Koshi,0.00545611814,5099,M(o),Nepal
922,27.88538499580,86.78172451930,GL086781E27885N,Koshi,Dudh Koshi,0.00378924360,5176,M(o),Nepal
923,27.89103482790,86.79339489350,GL086793E27891N,Koshi,Dudh Koshi,0.03518667857,5149,M(o),Nepal
924,27.96558435630,86.80779232400,GL086807E27965N,Koshi,Dudh Koshi,0.00540823180,5205,M(o),Nepal
925,27.96343696410,86.81250669260,GL086812E27963N,Koshi,Dudh Koshi,0.01524626697,5065,M(o),Nepal
926,27.92921861670,86.85781066730,GL086857E27929N,Koshi,Dudh Koshi,0.01794081770,5196,M(o),Nepal
927,27.93823018110,86.84755001220,GL086847E27938N,Koshi,Dudh Koshi,0.01365092123,5353,M(o),Nepal
928,27.90031703760,86.90911327540,GL086909E27900N,Koshi,Dudh Koshi,0.03010577305,5006,M(e),Nepal
929,27.73682865100,86.87546123300,GL086875E27736N,Koshi,Dudh Koshi,0.00345303131,4740,M(o),Nepal
930,27.74730852370,86.87018356200,GL086870E27747N,Koshi,Dudh Koshi,0.02071408191,4871,M(o),Nepal
931,27.77831879940,86.86737698720,GL086867E27778N,Koshi,Dudh Koshi,0.02569188370,4944,I(s),Nepal
932,27.78911981440,86.84938795730,GL086849E27789N,Koshi,Dudh Koshi,0.00624623539,5417,M(o),Nepal
933,27.79004864330,86.83727726900,GL086837E27790N,Koshi,Dudh Koshi,0.00889958159,5310,M(e),Nepal
934,27.68116551920,86.85365923840,GL086853E27681N,Koshi,Dudh Koshi,0.11153490554,4685,M(l),Nepal
935,27.64783061400,86.85420923840,GL086854E27647N,Koshi,Dudh Koshi,0.05248196645,4354,M(e),Nepal
936,27.64770980560,86.85080079490,GL086850E27647N,Koshi,Dudh Koshi,0.00406088751,4355,M(o),Nepal
937,27.76781576950,86.92683798250,GL086926E27767N,Koshi,Dudh Koshi,0.00482060796,5151,M(e),Nepal
938,27.71933848640,86.91030711650,GL086910E27719N,Koshi,Dudh Koshi,0.15888393991,4985,M(e),Nepal
939,27.72096549360,86.90724139920,GL086907E27720N,Koshi,Dudh Koshi,0.01074699562,5008,M(o),Nepal
940,27.80402233380,86.91803169330,GL086918E27804N,Koshi,Dudh Koshi,0.00370600173,5407,M(o),Nepal
941,27.79439698170,86.91113147530,GL086911E27794N,Koshi,Dudh Koshi,0.18220827801,5259,M(l),Nepal
942,27.79701948610,86.94248507030,GL086942E27797N,Koshi,Dudh Koshi,0.06492451249,5048,M(o),Nepal
943,27.79379385600,86.94139826330,GL086941E27793N,Koshi,Dudh Koshi,0.00594359319,5051,O,Nepal
944,27.80561986210,86.97415796820,GL086974E27805N,Koshi,Dudh Koshi,0.17808856235,5484,M(e),Nepal
945,27.82422033160,86.92520274590,GL086925E27824N,Koshi,Dudh Koshi,0.02529429490,5244,M(o),Nepal
946,27.82571082750,86.93348900920,GL086933E27825N,Koshi,Dudh Koshi,0.02217646834,5184,M(o),Nepal
947,27.82426778650,86.92805873710,GL086928E27824N,Koshi,Dudh Koshi,0.04324283446,5239,M(o),Nepal
948,27.82804897140,86.91480788900,GL086914E27828N,Koshi,Dudh Koshi,0.05532943532,5362,M(o),Nepal
949,27.83289983020,86.91721382160,GL086917E27832N,Koshi,Dudh Koshi,0.36744234639,5359,M(e),Nepal
950,27.84046402080,86.95135756330,GL086951E27840N,Koshi,Dudh Koshi,0.07365181883,5425,M(l),Nepal
951,27.85720578650,86.93763159230,GL086937E27857N,Koshi,Dudh Koshi,0.22453145551,5472,M(e),Nepal
952,27.85997400490,86.92692418970,GL086926E27859N,Koshi,Dudh Koshi,0.03084563438,5472,M(e),Nepal
953,27.83147162240,86.93358642040,GL086933E27831N,Koshi,Dudh Koshi,0.03652712799,5210,M(e),Nepal
954,27.83803525300,86.93586962560,GL086935E27838N,Koshi,Dudh Koshi,0.26838229221,5201,M(e),Nepal
955,27.81788433190,86.95547306520,GL086955E27817N,Koshi,Dudh Koshi,0.08295704554,5431,M(e),Nepal
956,27.75500452360,86.95863667170,GL086958E27755N,Koshi,Dudh Koshi,0.86327292975,4936,M(e),Nepal
957,27.78337497240,86.95769931770,GL086957E27783N,Koshi,Dudh Koshi,0.86849801033,5197,M(e),Nepal
958,27.71114680970,86.97735238310,GL086977E27711N,Koshi,Dudh Koshi,0.04723032347,4636,M(e),Nepal
959,27.61144543380,86.84788382310,GL086847E27611N,Koshi,Dudh Koshi,0.00663926733,4345,E(o),Nepal
971,27.64783910430,86.52158590830,GL086521E27647N,Koshi,Dudh Koshi,0.01368387216,4328,E(o),Nepal
1799,27.95481338370,86.56746714450,GL086567E27954N,Koshi,Dudh Koshi,0.01356961170,4875,I(s),Nepal
1800,27.95217997300,86.55312148870,GL086553E27952N,Koshi,Dudh Koshi,0.00445835585,4950,I(s),Nepal
1801,27.98152861320,86.55638718520,GL086556E27981N,Koshi,Dudh Koshi,0.00358946396,5068,I(s),Nepal
1802,28.01224294420,86.53827356880,GL086538E28012N,Koshi,Dudh Koshi,0.00539416609,5334,I(s),Nepal
1803,27.98396386510,86.60760212310,GL086607E27983N,Koshi,Dudh Koshi,0.00934030789,4813,I(s),Nepal
1804,27.98641991590,86.60683017600,GL086606E27986N,Koshi,Dudh Koshi,0.00274667175,4827,I(s),Nepal
1805,27.99791134900,86.61994873440,GL086619E27997N,Koshi,Dudh Koshi,0.00802211034,4968,I(s),Nepal
1806,27.99974200870,86.62185546930,GL086621E27999N,Koshi,Dudh Koshi,0.01340496829,4969,I(s),Nepal
1807,28.00037995620,86.62438901960,GL086624E28000N,Koshi,Dudh Koshi,0.02527155885,4975,I(s),Nepal
1808,28.05357080900,86.62382798110,GL086623E28053N,Koshi,Dudh Koshi,0.00421133825,5388,I(s),Nepal
1809,28.02874824600,86.58210789410,GL086582E28028N,Koshi,Dudh Koshi,0.00324914109,5061,I(s),Nepal
1810,28.03421887970,86.58041478520,GL086580E28034N,Koshi,Dudh Koshi,0.00673772732,5064,I(s),Nepal
1811,28.04939134710,86.58802189890,GL086588E28049N,Koshi,Dudh Koshi,0.02111875196,5159,I(s),Nepal
1812,28.04871257940,86.59386572260,GL086593E28048N,Koshi,Dudh Koshi,0.00624133842,5183,I(s),Nepal
1813,28.07077406180,86.58498911400,GL086584E28070N,Koshi,Dudh Koshi,0.00622430040,5316,I(s),Nepal
1814,28.02152580450,86.57915418630,GL086579E28021N,Koshi,Dudh Koshi,0.00997127008,5024,I(s),Nepal
1815,28.02371104100,86.57912054740,GL086579E28023N,Koshi,Dudh Koshi,0.00501744628,5039,I(s),Nepal
1816,28.02683378860,86.55729504310,GL086557E28026N,Koshi,Dudh Koshi,0.00682443047,5141,I(s),Nepal
1817,28.02846838040,86.55948636710,GL086559E28028N,Koshi,Dudh Koshi,0.00554810705,5130,I(s),Nepal
1818,27.94067539280,86.71358017400,GL086713E27940N,Koshi,Dudh Koshi,0.06925935206,4707,I(s),Nepal
1819,27.97970270730,86.73343869610,GL086733E27979N,Koshi,Dudh Koshi,0.01713529741,5423,M(e),Nepal
1820,27.95163757650,86.70084682690,GL086700E27951N,Koshi,Dudh Koshi,0.01885230206,4743,I(s),Nepal
1821,27.95408331240,86.70131910960,GL086701E27954N,Koshi,Dudh Koshi,0.01278997636,4749,I(s),Nepal
1822,27.95499803820,86.69770981040,GL086697E27954N,Koshi,Dudh Koshi,0.01229200938,4737,I(s),Nepal
1823,27.91500808820,86.86671973700,GL086866E27915N,Koshi,Dudh Koshi,0.00695455757,4998,I(s),Nepal
1824,27.82994514560,86.86232176650,GL086862E27829N,Koshi,Dudh Koshi,0.00646316594,5010,M(o),Nepal
1825,27.76772595080,86.86978582000,GL086869E27767N,Koshi,Dudh Koshi,0.02239151236,4939,I(s),Nepal
1826,27.79334449420,86.84366305430,GL086843E27793N,Koshi,Dudh Koshi,0.00272159788,5333,M(e),Nepal
1827,27.83391864640,86.90943249460,GL086909E27833N,Koshi,Dudh Koshi,0.01983128832,5404,M(e),Nepal
1828,27.83639675240,86.95853580160,GL086958E27836N,Koshi,Dudh Koshi,0.04363082246,5534,M(e),Nepal
1829,27.87669401050,86.88052230920,GL086880E27876N,Koshi,Dudh Koshi,0.00796533101,4998,I(s),Nepal
1830,27.88326058400,86.88014744760,GL086880E27883N,Koshi,Dudh Koshi,0.01461058515,4939,I(s),Nepal
1831,27.88970732870,86.87890261860,GL086878E27889N,Koshi,Dudh Koshi,0.00461439719,4873,I(s),Nepal
1832,27.92732078720,86.91585114820,GL086915E27927N,Koshi,Dudh Koshi,0.00793895144,5138,I(s),Nepal
1833,27.92328698310,86.91284804280,GL086912E27923N,Koshi,Dudh Koshi,0.00663784797,5123,I(s),Nepal
1834,27.93371943710,86.91986995630,GL086919E27933N,Koshi,Dudh Koshi,0.01021782327,5195,I(s),Nepal
1835,27.94228738680,86.81631980380,GL086816E27942N,Koshi,Dudh Koshi,0.00790963629,4940,I(s),Nepal
1836,27.93924211330,86.81523349660,GL086815E27939N,Koshi,Dudh Koshi,0.02340512755,4937,I(s),Nepal
1837,27.95558957730,86.82366382090,GL086823E27955N,Koshi,Dudh Koshi,0.00367871334,4946,I(s),Nepal
1838,27.94905879490,86.82224406720,GL086822E27949N,Koshi,Dudh Koshi,0.00973294871,4934,I(s),Nepal
1839,27.95058771450,86.70918950210,GL086709E27950N,Koshi,Dudh Koshi,0.00952478522,4720,I(s),Nepal
1840,27.99866296500,86.69338848840,GL086693E27998N,Koshi,Dudh Koshi,0.01015038376,4898,I(s),Nepal
1841,28.00052074820,86.69224534390,GL086692E28000N,Koshi,Dudh Koshi,0.01418558606,4913,I(s),Nepal
1842,28.01401062360,86.70486641680,GL086704E28014N,Koshi,Dudh Koshi,0.01062494269,4967,I(s),Nepal
1843,28.01487033620,86.69945537260,GL086699E28014N,Koshi,Dudh Koshi,0.00897194795,4965,I(s),Nepal
1844,28.03640265680,86.68956251070,GL086689E28036N,Koshi,Dudh Koshi,0.00464712797,5105,I(s),Nepal
1845,28.03111699750,86.62292384270,GL086622E28031N,Koshi,Dudh Koshi,0.00851022704,5174,I(s),Nepal
1846,28.07826830420,86.58135809830,GL086581E28078N,Koshi,Dudh Koshi,0.00313650368,5372,I(s),Nepal
1847,28.05031038650,86.58220821760,GL086582E28050N,Koshi,Dudh Koshi,0.00709914418,5214,I(s),Nepal
1848,28.00747287270,86.59198004020,GL086591E28007N,Koshi,Dudh Koshi,0.00516044277,4949,I(s),Nepal
1849,27.99339756730,86.60248407680,GL086602E27993N,Koshi,Dudh Koshi,0.00775118557,4859,I(s),Nepal
1850,28.00004971240,86.59834548060,GL086598E28000N,Koshi,Dudh Koshi,0.00453372518,4904,I(s),Nepal
1851,28.02193295160,86.56516797890,GL086565E28021N,Koshi,Dudh Koshi,0.00449005990,5094,I(s),Nepal
2041,27.93304428770,86.84005391900,GL086840E27933N,Koshi,Dudh Koshi,0.00558486437,5462,M(o),Nepal
2042,27.93110528500,86.84063150970,GL086840E27931N,Koshi,Dudh Koshi,0.00276003607,5431,M(o),Nepal
2043,27.99046336000,86.55251877220,GL086552E27990N,Koshi,Dudh Koshi,0.00502097178,5108,I(s),Nepal
2044,27.95910313650,86.70027790670,GL086700E27959N,Koshi,Dudh Koshi,0.00765109893,4759,I(s),Nepal
2045,27.96062475060,86.70064516470,GL086700E27960N,Koshi,Dudh Koshi,0.00753225974,4776,I(s),Nepal
2046,27.96931268120,86.69650211850,GL086696E27969N,Koshi,Dudh Koshi,0.00725258192,4789,I(s),Nepal
2047,27.92967834380,86.92128113000,GL086921E27929N,Koshi,Dudh Koshi,0.00390620394,5182,I(s),Nepal
2048,28.00285737870,86.69297278250,GL086692E28002N,Koshi,Dudh Koshi,0.00489433768,4925,I(s),Nepal
2054,27.82685609110,86.91334287030,GL086913E27826N,Koshi,Dudh Koshi,0.00834969707,5368,M(o),Nepal
2055,27.82763712750,86.91259523770,GL086912E27827N,Koshi,Dudh Koshi,0.00366839298,5368,M(o),Nepal
2056,27.82330701830,86.91852853600,GL086918E27823N,Koshi,Dudh Koshi,0.00946840582,5288,M(o),Nepal
